[
  {
    "id": "aca52b07-8f4f-49d8-a63e-22afb0e8c352",
    "data": [
      {
        "text": "When do you close ?",
        "userDefined": false
      }
    ],
    "isTemplate": false,
    "count": 0,
    "updated": 0
  },
  {
    "id": "79ebaa67-ea9a-4c5d-b6ff-da9e3e672ed8",
    "data": [
      {
        "text": "Are you open ",
        "userDefined": false
      },
      {
        "text": "today",
        "alias": "date-time",
        "meta": "@sys.date-time",
        "userDefined": false
      },
      {
        "text": " ?",
        "userDefined": false
      }
    ],
    "isTemplate": false,
    "count": 0,
    "updated": 0
  },
  {
    "id": "b23b4fa2-7c2b-48ea-a185-505a1de50204",
    "data": [
      {
        "text": "Are you open right now ?",
        "userDefined": false
      }
    ],
    "isTemplate": false,
    "count": 0,
    "updated": 0
  },
  {
    "id": "710cace1-840a-4c57-ae91-a1838892ce8a",
    "data": [
      {
        "text": "What time do you open ?",
        "userDefined": false
      }
    ],
    "isTemplate": false,
    "count": 0,
    "updated": 0
  }
]