[
  {
    "id": "cb06a25f-90d0-44bc-86dd-a8bf78973766",
    "data": [
      {
        "text": "one ",
        "userDefined": false
      },
      {
        "text": "chocolate smoothie",
        "alias": "drink_composite",
        "meta": "@drink_composite",
        "userDefined": true
      },
      {
        "text": " please",
        "userDefined": false
      }
    ],
    "isTemplate": false,
    "count": 0,
    "updated": 0
  },
  {
    "id": "14541c52-ae1e-4969-95b3-f1d1d6c08b9a",
    "data": [
      {
        "text": "I want one ",
        "userDefined": false
      },
      {
        "text": "vanilla milkshake with 2% milk",
        "alias": "drink_composite",
        "meta": "@drink_composite",
        "userDefined": true
      }
    ],
    "isTemplate": false,
    "count": 0,
    "updated": 0
  },
  {
    "id": "a549ed38-eecc-4911-afb7-499ef9726dba",
    "data": [
      {
        "text": "i want a ",
        "userDefined": false
      },
      {
        "text": "small strawberry smoothie",
        "alias": "drink_composite",
        "meta": "@drink_composite",
        "userDefined": true
      }
    ],
    "isTemplate": false,
    "count": 0,
    "updated": 0
  },
  {
    "id": "e214e0d4-9e74-4a12-8a50-85fcfb3eb1da",
    "data": [
      {
        "text": "two",
        "alias": "milk_type",
        "meta": "@milk_type",
        "userDefined": false
      },
      {
        "text": " ",
        "userDefined": false
      },
      {
        "text": "large",
        "alias": "size",
        "meta": "@size",
        "userDefined": false
      },
      {
        "text": " ",
        "userDefined": false
      },
      {
        "text": "soy milk chocolate milkshakes",
        "alias": "drink_composite",
        "meta": "@drink_composite",
        "userDefined": true
      }
    ],
    "isTemplate": false,
    "count": 0,
    "updated": 0
  },
  {
    "id": "ff057d4d-4efa-459b-89be-a581e08877a4",
    "data": [
      {
        "text": "i\u0027d like to order a ",
        "userDefined": false
      },
      {
        "text": "rasberry smoothie",
        "alias": "drink_composite",
        "meta": "@drink_composite",
        "userDefined": true
      },
      {
        "text": " please",
        "userDefined": false
      }
    ],
    "isTemplate": false,
    "count": 0,
    "updated": 0
  },
  {
    "id": "1466f49f-40fa-4c7f-9c12-076cd4a0d6c7",
    "data": [
      {
        "text": "I would like a ",
        "userDefined": false
      },
      {
        "text": "mocha smoothie",
        "alias": "drink_composite",
        "meta": "@drink_composite",
        "userDefined": true
      }
    ],
    "isTemplate": false,
    "count": 0,
    "updated": 0
  }
]